序号,关键词,出现次数,占比(%),累计占比(%)
1,计算机科学,117,2.3,2.3
2,地理,108,2.12,4.42
3,环境科学,78,1.53,5.95
4,空间分析,71,1.39,7.34
5,环境资源管理,64,1.26,8.6
6,遥感,61,1.2,9.8
7,地理信息系统,42,0.83,10.63
8,环境规划,41,0.81,11.44
9,气候变化,39,0.77,12.21
10,地质学,36,0.71,12.92
11,人工智能,35,0.69,13.61
12,商业,31,0.61,14.22
13,社会学,31,0.61,14.83
14,数据科学,31,0.61,15.44
15,土地利用,29,0.57,16.01
16,数据挖掘,26,0.51,16.52
17,城市规划,24,0.47,16.99
18,政治学,23,0.45,17.44
19,历史,22,0.43,17.87
20,生态学,22,0.43,18.3
21,生态系统服务,21,0.41,18.71
22,水文学（农业）,21,0.41,19.12
23,生物多样性,21,0.41,19.53
24,生态系统,21,0.41,19.94
25,可持续性,19,0.37,20.31
26,全球变暖,18,0.35,20.66
27,土地覆盖,18,0.35,21.01
28,弹性（材料科学）,18,0.35,21.36
29,领域（数学）,18,0.35,21.71
30,公司治理,17,0.33,22.04
31,可持续发展,16,0.31,22.35
32,自然地理学,16,0.31,22.66
33,农林复合系统,16,0.31,22.97
34,城市化,15,0.29,23.26
35,制图学,15,0.29,23.55
36,工程,15,0.29,23.84
37,植被（病理学）,15,0.29,24.13
38,温室气体,14,0.28,24.41
39,农业,14,0.28,24.69
40,区域科学,14,0.28,24.97
41,人口,14,0.28,25.25
42,生物学,14,0.28,25.53
43,医学,14,0.28,25.81
44,工作流程,14,0.28,26.09
45,政府（语言学）,14,0.28,26.37
46,环境保护,13,0.26,26.63
47,背景（考古学）,13,0.26,26.89
48,认识论,13,0.26,27.15
49,自然（考古学）,13,0.26,27.41
50,法律,13,0.26,27.67
51,政治,13,0.26,27.93
52,钥匙（锁）,12,0.24,28.17
53,公共行政,12,0.24,28.41
54,卫星图像,12,0.24,28.65
55,大洪水,12,0.24,28.89
56,心理学,12,0.24,29.13
57,特征（语言学）,12,0.24,29.37
58,漏洞（计算）,12,0.24,29.61
59,元数据,11,0.22,29.83
60,资源（消歧义）,11,0.22,30.05
61,代理（哲学）,11,0.22,30.27
62,红树林,11,0.22,30.49
63,代码（集合论）,11,0.22,30.71
64,卫星,11,0.22,30.93
65,水资源管理,11,0.22,31.15
66,计算机视觉,11,0.22,31.37
67,公民新闻,11,0.22,31.59
68,万维网,11,0.22,31.81
69,公共卫生,10,0.2,32.01
70,公民科学,10,0.2,32.21
71,鉴定（生物学）,10,0.2,32.41
72,气象学,10,0.2,32.61
73,信息检索,10,0.2,32.81
74,机器学习,10,0.2,33.01
75,心理弹性,10,0.2,33.21
76,航程（航空）,10,0.2,33.41
77,气候变化减缓,10,0.2,33.61
78,人类住区,10,0.2,33.81
79,理论物理学,10,0.2,34.01
80,生物量（生态学）,10,0.2,34.21
81,工作（物理）,10,0.2,34.41
82,信息系统,10,0.2,34.61
83,湿地,10,0.2,34.81
84,模式识别（心理学）,10,0.2,35.01
85,疾病,9,0.18,35.19
86,可视化,9,0.18,35.37
87,风险分析（工程）,9,0.18,35.55
88,数据文件,9,0.18,35.73
89,干预（咨询）,9,0.18,35.91
90,数据库,9,0.18,36.09
91,统计分析,9,0.18,36.27
92,考古学,9,0.18,36.45
93,都会区,9,0.18,36.63
94,知识管理,9,0.18,36.81
95,对象（语法）,9,0.18,36.99
96,流域,8,0.16,37.15
97,公共关系,8,0.16,37.31
98,点（几何）,8,0.16,37.47
99,专题地图,8,0.16,37.63
100,中国,8,0.16,37.79
101,空格（标点符号）,8,0.16,37.95
102,文档,8,0.16,38.11
103,降水,8,0.16,38.27
104,定性研究,8,0.16,38.43
105,爱因斯坦,8,0.16,38.59
106,过程（计算）,8,0.16,38.75
107,危险,8,0.16,38.91
108,原始数据,8,0.16,39.07
109,环境健康,8,0.16,39.23
110,数学,8,0.16,39.39
111,数字高程模型,8,0.16,39.55
112,比例（比率）,8,0.16,39.71
113,遥感应用,8,0.16,39.87
114,事件（粒子物理学）,8,0.16,40.03
115,多光谱图像,7,0.14,40.17
116,脆弱性评估,7,0.14,40.31
117,土地利用、土地利用变化和林业,7,0.14,40.45
118,气候学,7,0.14,40.59
119,人权,7,0.14,40.73
120,预警系统,7,0.14,40.87
121,自然灾害,7,0.14,41.01
122,可扩展性,7,0.14,41.15
123,建筑,7,0.14,41.29
124,建筑工程,7,0.14,41.43
125,物理学,7,0.14,41.57
126,古代历史,7,0.14,41.71
127,算法,7,0.14,41.85
128,选择（遗传算法）,7,0.14,41.99
129,现象,7,0.14,42.13
130,质量（哲学）,7,0.14,42.27
131,自然资源经济学,7,0.14,42.41
132,空间规划,7,0.14,42.55
133,美学,7,0.14,42.69
134,Python（编程语言）,7,0.14,42.83
135,随机森林,7,0.14,42.97
136,地下水补给,7,0.14,43.11
137,数据收集,7,0.14,43.25
138,能源（信号处理）,7,0.14,43.39
139,国家（计算机科学）,6,0.12,43.51
140,心理干预,6,0.12,43.63
141,计量经济学,6,0.12,43.75
142,蓝碳,6,0.12,43.87
143,地下水,6,0.12,43.99
144,医疗保健,6,0.12,44.11
145,概念框架,6,0.12,44.23
146,地形,6,0.12,44.35
147,命题,6,0.12,44.47
148,脚本语言,6,0.12,44.59
149,土壤碳,6,0.12,44.71
150,洪水（心理学）,6,0.12,44.83
151,测绘学,6,0.12,44.95
152,经济学,6,0.12,45.07
153,平面图（考古学）,6,0.12,45.19
154,因果关系（物理学）,6,0.12,45.31
155,转变（遗传学）,6,0.12,45.43
156,科学哲学,6,0.12,45.55
157,栖息地,6,0.12,45.67
158,气候模式,6,0.12,45.79
159,排水,6,0.12,45.91
160,空间变异性,6,0.12,46.03
161,宇宙,6,0.12,46.15
162,土著,6,0.12,46.27
163,林业,6,0.12,46.39
164,大地测量学,6,0.12,46.51
165,焦点小组,6,0.12,46.63
166,空间分布,6,0.12,46.75
167,文件格式,6,0.12,46.87
168,碳固存,6,0.12,46.99
169,最高法院,6,0.12,47.11
170,卡尔波普尔,6,0.12,47.23
171,大爆炸（金融市场）,6,0.12,47.35
172,否认,6,0.12,47.47
173,价值（数学）,6,0.12,47.59
174,帝国,6,0.12,47.71
175,地球观测,6,0.12,47.83
176,日蚀,5,0.1,47.93
177,稳定性（学习理论）,5,0.1,48.03
178,碳纤维,5,0.1,48.13
179,焦点（光学）,5,0.1,48.23
180,多光谱模式识别,5,0.1,48.33
181,日食,5,0.1,48.43
182,粮食安全,5,0.1,48.53
183,地表径流,5,0.1,48.63
184,分割,5,0.1,48.73
185,稳健性（进化）,5,0.1,48.83
186,数据处理,5,0.1,48.93
187,Set（抽象数据类型）,5,0.1,49.03
188,互操作性,5,0.1,49.13
189,计算机图形学（图像）,5,0.1,49.23
190,归一化植被指数,5,0.1,49.33
191,人文学科,5,0.1,49.43
192,土壤水分,5,0.1,49.53
193,进程管理,5,0.1,49.63
194,叙述,5,0.1,49.73
195,功率（物理）,5,0.1,49.83
196,逻辑回归,5,0.1,49.93
197,应急管理,5,0.1,50.03
198,民族学,5,0.1,50.13
199,系统工程,5,0.1,50.23
200,运筹学,5,0.1,50.33
201,服务（商业）,5,0.1,50.43
202,语义学（计算机科学）,5,0.1,50.53
203,结算（财务）,5,0.1,50.63
204,深度学习,5,0.1,50.73
205,土木工程,5,0.1,50.83
206,城市设计,5,0.1,50.93
207,构造盆地,5,0.1,51.03
208,集成学习,5,0.1,51.13
209,生计,5,0.1,51.23
210,缩小规模,5,0.1,51.33
211,交通工程,5,0.1,51.43
212,转化式学习,5,0.1,51.53
213,建筑环境,5,0.1,51.63
214,决策支持系统,5,0.1,51.73
215,城市热岛,5,0.1,51.83
216,网格,5,0.1,51.93
217,人工神经网络,5,0.1,52.03
218,适应（眼睛）,5,0.1,52.13
219,目标检测,5,0.1,52.23
220,捷克,5,0.1,52.33
221,冲突解决,5,0.1,52.43
222,文明,5,0.1,52.53
223,分布（数学）,5,0.1,52.63
224,作物,5,0.1,52.73
225,政治经济学,5,0.1,52.83
226,碳循环,5,0.1,52.93
227,殖民主义,5,0.1,53.03
228,加权,5,0.1,53.13
229,透视图（图形）,5,0.1,53.23
230,维度（图论）,5,0.1,53.33
231,侵蚀,5,0.1,53.43
232,频道（广播）,4,0.08,53.51
233,胰腺癌,4,0.08,53.59
234,数理经济学,4,0.08,53.67
235,神经科学,4,0.08,53.75
236,软件,4,0.08,53.83
237,主题（文件）,4,0.08,53.91
238,数据质量,4,0.08,53.99
239,重新开发,4,0.08,54.07
240,索引（排版）,4,0.08,54.15
241,编码（社会科学）,4,0.08,54.23
242,土地复垦,4,0.08,54.31
243,分歧（语言学）,4,0.08,54.39
244,火星人,4,0.08,54.47
245,火星探测计划,4,0.08,54.55
246,美索不达米亚,4,0.08,54.63
247,佣金,4,0.08,54.71
248,论证（复杂分析）,4,0.08,54.79
249,集群（航天器）,4,0.08,54.87
250,计算生物学,4,0.08,54.95
251,课程（哲学）,4,0.08,55.03
252,性别研究,4,0.08,55.11
253,小胶质细胞,4,0.08,55.19
254,皇帝,4,0.08,55.27
255,重新解释,4,0.08,55.35
256,官僚主义,4,0.08,55.43
257,普通合伙,4,0.08,55.51
258,文字,4,0.08,55.59
259,经典,4,0.08,55.67
260,文学,4,0.08,55.75
261,霸权,4,0.08,55.83
262,北极,4,0.08,55.91
263,山体滑坡,4,0.08,55.99
264,土地利用规划,4,0.08,56.07
265,古生物学,4,0.08,56.15
266,匹配（统计）,4,0.08,56.23
267,数据可视化,4,0.08,56.31
268,样品（材料）,4,0.08,56.39
269,环境影响评价,4,0.08,56.47
270,源代码,4,0.08,56.55
271,一致性（知识库）,4,0.08,56.63
272,艺术,4,0.08,56.71
273,主成分分析,4,0.08,56.79
274,流量（数学）,4,0.08,56.87
275,营养不良,4,0.08,56.95
276,健康干预,4,0.08,57.03
277,互联网,4,0.08,57.11
278,谈判,4,0.08,57.19
279,生产（经济）,4,0.08,57.27
280,议会,4,0.08,57.35
281,冲突管理,4,0.08,57.43
282,内部冲突,4,0.08,57.51
283,发展援助,4,0.08,57.59
284,激励,4,0.08,57.67
285,建立和平,4,0.08,57.75
286,机制（生物学）,4,0.08,57.83
287,红树林生态系统,4,0.08,57.91
288,社会心理学,4,0.08,57.99
289,构造（python库）,4,0.08,58.07
290,控制（管理）,4,0.08,58.15
291,学术,4,0.08,58.23
292,恐怖主义,4,0.08,58.31
293,图书馆学,4,0.08,58.39
294,解释（哲学）,4,0.08,58.47
295,描述性统计,4,0.08,58.55
296,微生物组,4,0.08,58.63
297,教育学,4,0.08,58.71
298,相关性（法律）,4,0.08,58.79
299,地理参照,4,0.08,58.87
300,裁剪,4,0.08,58.95
301,封面（代数）,4,0.08,59.03
302,社会经济学,4,0.08,59.11
303,肺结核,4,0.08,59.19
304,空间数据库,4,0.08,59.27
305,地表水,4,0.08,59.35
306,二进制数,4,0.08,59.43
307,常数（计算机编程）,4,0.08,59.51
308,公制（单位）,4,0.08,59.59
309,地下水位,4,0.08,59.67
310,蒸散发,4,0.08,59.75
311,公共空间,4,0.08,59.83
312,全球变化,4,0.08,59.91
313,合成孔径雷达,4,0.08,59.99
314,严重急性营养不良,4,0.08,60.07
315,含水层,4,0.08,60.15
316,字符（数学）,4,0.08,60.23
317,地貌学,4,0.08,60.31
318,可执行,4,0.08,60.39
319,管理,4,0.08,60.47
320,全球变暖的影响,4,0.08,60.55
321,建筑信息模型,4,0.08,60.63
322,摄影测量,4,0.08,60.71
323,大气科学,4,0.08,60.79
324,初级生产,4,0.08,60.87
325,区域规划,4,0.08,60.95
326,人口普查,3,0.06,61.01
327,用户建模,3,0.06,61.07
328,桥（图论）,3,0.06,61.13
329,水质,3,0.06,61.19
330,分水岭,3,0.06,61.25
331,经济增长,3,0.06,61.31
332,端口（电路理论）,3,0.06,61.37
333,社会经济地位,3,0.06,61.43
334,移动应用,3,0.06,61.49
335,主题分析,3,0.06,61.55
336,智能手机应用,3,0.06,61.61
337,排放,3,0.06,61.67
338,认知科学,3,0.06,61.73
339,具身认知,3,0.06,61.79
340,医学教育,3,0.06,61.85
341,纪律,3,0.06,61.91
342,支持向量机,3,0.06,61.97
343,聚类分析,3,0.06,62.03
344,气候适应能力,3,0.06,62.09
345,异常（物理学）,3,0.06,62.15
346,含水量,3,0.06,62.21
347,地籍,3,0.06,62.27
348,表（数据库）,3,0.06,62.33
349,多样性（控制论）,3,0.06,62.39
350,协议（科学）,3,0.06,62.45
351,应对（心理学）,3,0.06,62.51
352,海岸管理,3,0.06,62.57
353,海岸灾害,3,0.06,62.63
354,战略规划,3,0.06,62.69
355,可靠性（半导体）,3,0.06,62.75
356,透明度（行为）,3,0.06,62.81
357,空间生态学,3,0.06,62.87
358,可持续管理,3,0.06,62.93
359,森林退化,3,0.06,62.99
360,环境退化,3,0.06,63.05
361,环境监测,3,0.06,63.11
362,数据提取,3,0.06,63.17
363,哲学,3,0.06,63.23
364,扩展（谓词逻辑）,3,0.06,63.29
365,地缘政治,3,0.06,63.35
366,降维,3,0.06,63.41
367,管道（软件）,3,0.06,63.47
368,维度灾难,3,0.06,63.53
369,数据建模,3,0.06,63.59
370,云计算,3,0.06,63.65
371,基础（证据）,3,0.06,63.71
372,自然语言处理,3,0.06,63.77
373,自然语言,3,0.06,63.83
374,软件工程,3,0.06,63.89
375,地方政府,3,0.06,63.95
376,景观生态学,3,0.06,64.01
377,采样（信号处理）,3,0.06,64.07
378,图像处理,3,0.06,64.13
379,投影（关系代数）,3,0.06,64.19
380,文化遗产,3,0.06,64.25
381,数据集成,3,0.06,64.31
382,特征提取,3,0.06,64.37
383,艺术史,3,0.06,64.43
384,管理科学,3,0.06,64.49
385,旅游,3,0.06,64.55
386,趋同（经济学）,3,0.06,64.61
387,航空摄影,3,0.06,64.67
388,土地开发,3,0.06,64.73
389,景观建筑,3,0.06,64.79
390,癌,3,0.06,64.85
391,恢复生态学,3,0.06,64.91
392,大数据,3,0.06,64.97
393,适应性,3,0.06,65.03
394,内科学,3,0.06,65.09
395,肿瘤学,3,0.06,65.15
396,传统知识,3,0.06,65.21
397,数学优化,3,0.06,65.27
398,基础（线性代数）,3,0.06,65.33
399,共空间模式,3,0.06,65.39
400,火山,3,0.06,65.45
401,遗传学,3,0.06,65.51
402,地球系统科学,3,0.06,65.57
403,估计,3,0.06,65.63
404,土地管理,3,0.06,65.69
405,城市气候,3,0.06,65.75
406,人口统计学,3,0.06,65.81
407,信息整合,3,0.06,65.87
408,拓扑（电路）,3,0.06,65.93
409,理论计算机科学,3,0.06,65.99
410,类型学,3,0.06,66.05
411,经济地理学,3,0.06,66.11
412,宿主（生物学）,3,0.06,66.17
413,相似性（几何）,3,0.06,66.23
414,水文气象,3,0.06,66.29
415,分区,3,0.06,66.35
416,生物指示剂,3,0.06,66.41
417,统计,3,0.06,66.47
418,代表（政治）,3,0.06,66.53
419,信息基础设施,3,0.06,66.59
420,数据共享,3,0.06,66.65
421,保障,3,0.06,66.71
422,基准（测量）,3,0.06,66.77
423,利益相关者,3,0.06,66.83
424,海岸侵蚀,3,0.06,66.89
425,可解释性,3,0.06,66.95
426,公众参与,3,0.06,67.01
427,选址,3,0.06,67.07
428,层次分析,3,0.06,67.13
429,连贯性（哲学赌博策略）,3,0.06,67.19
430,可发现性,3,0.06,67.25
431,老年学,3,0.06,67.31
432,衡平法,3,0.06,67.37
433,实证研究,3,0.06,67.43
434,认知,3,0.06,67.49
435,时间尺度,3,0.06,67.55
436,水循环,3,0.06,67.61
437,用户参与度,3,0.06,67.67
438,参与式传感,3,0.06,67.73
439,个性化,3,0.06,67.79
440,分析（计算机编程）,3,0.06,67.85
441,判别式,3,0.06,67.91
442,众包,3,0.06,67.97
443,农村地区,3,0.06,68.03
444,公理,2,0.04,68.07
445,公寓,2,0.04,68.11
446,期货合约,2,0.04,68.15
447,颗粒物,2,0.04,68.19
448,通知,2,0.04,68.23
449,危害分析,2,0.04,68.27
450,nan,2,0.04,68.31
451,自动化,2,0.04,68.35
452,计算机安全,2,0.04,68.39
453,入射角（几何形状）,2,0.04,68.43
454,队列研究,2,0.04,68.47
455,肥胖,2,0.04,68.51
456,队列,2,0.04,68.55
457,乳腺癌,2,0.04,68.59
458,失业,2,0.04,68.63
459,功能（生物学）,2,0.04,68.67
460,工程伦理,2,0.04,68.71
461,简单（哲学）,2,0.04,68.75
462,科学传播,2,0.04,68.79
463,经济正义,2,0.04,68.83
464,浮游动物,2,0.04,68.87
465,自然资源,2,0.04,68.91
466,数字地图,2,0.04,68.95
467,序列（生物学）,2,0.04,68.99
468,线条（几何图形）,2,0.04,69.03
469,标量（数学）,2,0.04,69.07
470,宇宙学常数,2,0.04,69.11
471,统计物理学,2,0.04,69.15
472,分形,2,0.04,69.19
473,分形维数,2,0.04,69.23
474,河岸侵蚀,2,0.04,69.27
475,增值（金融）,2,0.04,69.31
476,大气校正,2,0.04,69.35
477,森林覆盖率,2,0.04,69.39
478,食品系统,2,0.04,69.43
479,风速,2,0.04,69.47
480,排名（信息检索）,2,0.04,69.51
481,地中海气候,2,0.04,69.55
482,系列（地层学）,2,0.04,69.59
483,景观规划,2,0.04,69.63
484,景观评估,2,0.04,69.67
485,传感器网络,2,0.04,69.71
486,限幅,2,0.04,69.75
487,武装冲突,2,0.04,69.79
488,三维城市模型,2,0.04,69.83
489,地理编码,2,0.04,69.87
490,数据映射,2,0.04,69.91
491,精准农业,2,0.04,69.95
492,图像分辨率,2,0.04,69.99
493,卷积神经网络,2,0.04,70.03
494,真实值,2,0.04,70.07
495,农业经济学,2,0.04,70.11
496,环境数据,2,0.04,70.15
497,网络流,2,0.04,70.19
498,流路由,2,0.04,70.23
499,布线（电子设计自动化）,2,0.04,70.27
500,水文图,2,0.04,70.31
501,对抗制,2,0.04,70.35
502,传感器融合,2,0.04,70.39
503,土壤功能,2,0.04,70.43
504,土壤流失,2,0.04,70.47
505,土壤质地,2,0.04,70.51
506,有效水容量,2,0.04,70.55
507,影响评估,2,0.04,70.59
508,光栅图形,2,0.04,70.63
509,水平线测试,2,0.04,70.67
510,分形分析,2,0.04,70.71
511,盒维数法,2,0.04,70.75
512,Boosting（机器学习）,2,0.04,70.79
513,浮游生物,2,0.04,70.83
514,营养级,2,0.04,70.87
515,湖泊生态系统,2,0.04,70.91
516,碳储量,2,0.04,70.95
517,中毒控制中心,2,0.04,70.99
518,梯度提升,2,0.04,71.03
519,数学教育,2,0.04,71.07
520,农业生物多样性,2,0.04,71.11
521,地理空间PDF,2,0.04,71.15
522,网络覆盖服务,2,0.04,71.19
523,数据管理,2,0.04,71.23
524,废水,2,0.04,71.27
525,空间决策支持系统,2,0.04,71.31
526,空间流行病学,2,0.04,71.35
527,土壤分类,2,0.04,71.39
528,经典力学,2,0.04,71.43
529,标量场,2,0.04,71.47
530,永久冻土,2,0.04,71.51
531,土壤有机质,2,0.04,71.55
532,泥炭,2,0.04,71.59
533,总有机碳,2,0.04,71.63
534,绿色基础设施,2,0.04,71.67
535,社会联系,2,0.04,71.71
536,单位（环理论）,2,0.04,71.75
537,市区,2,0.04,71.79
538,方案（数学）,2,0.04,71.83
539,信息图,2,0.04,71.87
540,标识符,2,0.04,71.91
541,推断,2,0.04,71.95
542,人机交互,2,0.04,71.99
543,非线性,2,0.04,72.03
544,活力,2,0.04,72.07
545,水资源,2,0.04,72.11
546,减灾,2,0.04,72.15
547,风暴潮,2,0.04,72.19
548,地下水模型,2,0.04,72.23
549,通气层,2,0.04,72.27
550,葡萄园,2,0.04,72.31
551,可交付成果,2,0.04,72.35
552,宇宙学,2,0.04,72.39
553,非平衡热力学,2,0.04,72.43
554,耦合常数,2,0.04,72.47
555,耦合参数,2,0.04,72.51
556,电流（流体）,2,0.04,72.55
557,指数函数,2,0.04,72.59
558,引力,2,0.04,72.63
559,仪表（枪支）,2,0.04,72.67
560,农地,2,0.04,72.71
561,灌溉,2,0.04,72.75
562,火星表面,2,0.04,72.79
563,构造地质学,2,0.04,72.83
564,四边形,2,0.04,72.87
565,综合信息理论,2,0.04,72.91
566,控制论,2,0.04,72.95
567,传递关系,2,0.04,72.99
568,信息处理,2,0.04,73.03
569,意识,2,0.04,73.07
570,意义（存在）,2,0.04,73.11
571,信息论,2,0.04,73.15
572,本体论,2,0.04,73.19
573,阅读（过程）,2,0.04,73.23
574,经济,2,0.04,73.27
575,上传,2,0.04,73.31
576,树冠,2,0.04,73.35
577,德尔塔,2,0.04,73.39
578,水位,2,0.04,73.43
579,阿特拉斯（解剖学）,2,0.04,73.47
580,高度计,2,0.04,73.51
581,天体生物学,2,0.04,73.55
582,轨道器,2,0.04,73.59
583,家谱,2,0.04,73.63
584,殖民地时期,2,0.04,73.67
585,订单（交换）,2,0.04,73.71
586,编程语言,2,0.04,73.75
587,代码库,2,0.04,73.79
588,训练集,2,0.04,73.83
589,均方误差,2,0.04,73.87
590,泛化,2,0.04,73.91
591,渗透（暖通空调）,2,0.04,73.95
592,吉西他滨,2,0.04,73.99
593,保护生物学,2,0.04,74.03
594,系统地理学,2,0.04,74.07
595,追踪,2,0.04,74.11
596,临时密钥,2,0.04,74.15
597,转化（遗传学）,2,0.04,74.19
598,撞击坑,2,0.04,74.23
599,地质图,2,0.04,74.27
600,等深线图,2,0.04,74.31
601,西方的,2,0.04,74.35
602,塔尔西斯,2,0.04,74.39
603,细胞生物学,2,0.04,74.43
604,国际人权法,2,0.04,74.47
605,环境伦理学,2,0.04,74.51
606,风暴,2,0.04,74.55
607,三角洲,2,0.04,74.59
608,紫杉醇,2,0.04,74.63
609,历史记录,2,0.04,74.67
610,关系（数据库）,2,0.04,74.71
611,化疗,2,0.04,74.75
612,联轴器（管道）,2,0.04,74.79
613,以抑郁为中心的充电,2,0.04,74.83
614,参数统计,2,0.04,74.87
615,回归,2,0.04,74.91
616,仰角（弹道学）,2,0.04,74.95
617,动作（物理）,2,0.04,74.99
618,无量纲数量,2,0.04,75.03
619,可观察对象,2,0.04,75.07
620,岩性,2,0.04,75.11
621,地质统计学,2,0.04,75.15
622,水文模拟,2,0.04,75.19
623,知识库,2,0.04,75.23
624,抗体,2,0.04,75.27
625,腺癌,2,0.04,75.31
626,放射治疗,2,0.04,75.35
627,胰腺,2,0.04,75.39
628,溢出效应,2,0.04,75.43
629,一个健康,2,0.04,75.47
630,载体（分子生物学）,2,0.04,75.51
631,诺氏疟原虫,2,0.04,75.55
632,疟疾,2,0.04,75.59
633,碳抵消,2,0.04,75.63
634,碳信用,2,0.04,75.67
635,免疫组织化学,2,0.04,75.71
636,胰腺导管腺癌,2,0.04,75.75
637,癌症,2,0.04,75.79
638,病理学,2,0.04,75.83
639,新辅助治疗,2,0.04,75.87
640,LRRK2,2,0.04,75.91
641,综合指数,2,0.04,75.95
642,炮兵,2,0.04,75.99
643,西班牙内战,2,0.04,76.03
644,马赛克,2,0.04,76.07
645,转录组,2,0.04,76.11
646,讲故事,2,0.04,76.15
647,框架（施工）,2,0.04,76.19
648,吞噬作用,2,0.04,76.23
649,大气碳循环,2,0.04,76.27
650,碳会计,2,0.04,76.31
651,陆地生态系统,2,0.04,76.35
652,步行适宜性,2,0.04,76.39
653,景观设计,2,0.04,76.43
654,关卡设计,2,0.04,76.47
655,塔里木盆地,2,0.04,76.51
656,极端气候,2,0.04,76.55
657,气候变异性,2,0.04,76.59
658,显著的,2,0.04,76.63
659,实时计算,2,0.04,76.67
660,化学,2,0.04,76.71
661,相互的,2,0.04,76.75
662,发音（社会学）,2,0.04,76.79
663,反事实思维,2,0.04,76.83
664,水文学,2,0.04,76.87
665,下水道系统,2,0.04,76.91
666,峡谷,2,0.04,76.95
667,第一次世界大战,2,0.04,76.99
668,历史遗产,2,0.04,77.03
669,景观考古,2,0.04,77.07
670,突变,2,0.04,77.11
671,帕金森病,2,0.04,77.15
672,水文地质学,2,0.04,77.19
673,成分（热力学）,2,0.04,77.23
674,改造,2,0.04,77.27
675,金融市场,2,0.04,77.31
676,区域设置（计算机软件）,2,0.04,77.35
677,分层数据库模型,2,0.04,77.39
678,阴影（心理学）,2,0.04,77.43
679,阿尔贝多（炼金术）,2,0.04,77.47
680,谱带,2,0.04,77.51
681,光辉,2,0.04,77.55
682,文献计量学,2,0.04,77.59
683,农业生产力,2,0.04,77.63
684,雨养农业,2,0.04,77.67
685,块（置换群论）,2,0.04,77.71
686,战场,2,0.04,77.75
687,社区参与,2,0.04,77.79
688,兰德指数,2,0.04,77.83
689,层次聚类,2,0.04,77.87
690,冗余（工程）,2,0.04,77.91
691,节点（物理）,2,0.04,77.95
692,发电,2,0.04,77.99
693,太阳能,2,0.04,78.03
694,光伏系统,2,0.04,78.07
695,调度（生产过程）,2,0.04,78.11
696,比例危险率模型,2,0.04,78.15
697,癌症登记,2,0.04,78.19
698,癌症发病率,2,0.04,78.23
699,排水管网,2,0.04,78.27
700,城市空间结构,2,0.04,78.31
701,决策树,2,0.04,78.35
702,树（集合论）,2,0.04,78.39
703,激光雷达,2,0.04,78.43
704,莱文斯坦距离,2,0.04,78.47
705,自然语言生成,2,0.04,78.51
706,空间智能,2,0.04,78.55
707,任务（项目管理）,2,0.04,78.59
708,桥接（联网）,2,0.04,78.63
709,经济成本,2,0.04,78.67
710,气候正义,2,0.04,78.71
711,发展经济学,2,0.04,78.75
712,二进制数据,2,0.04,78.79
713,图形,2,0.04,78.83
714,生态水文学,2,0.04,78.87
715,全球卫生,2,0.04,78.91
716,虫媒病毒,2,0.04,78.95
717,图像（数学）,2,0.04,78.99
718,GNSS应用,2,0.04,79.03
719,冰川,2,0.04,79.07
720,苔原,2,0.04,79.11
721,路径（计算）,2,0.04,79.15
722,能见度,2,0.04,79.19
723,标注,2,0.04,79.23
724,营销,2,0.04,79.27
725,次级过滤器,2,0.04,79.31
726,灵媒,2,0.04,79.35
727,肢解,2,0.04,79.39
728,男子气概,2,0.04,79.43
729,主观性,2,0.04,79.47
730,渲染（计算机图形学）,2,0.04,79.51
731,雨水,2,0.04,79.55
732,易读性,2,0.04,79.59
733,声景,2,0.04,79.63
734,二进制代码,2,0.04,79.67
735,语言模型,2,0.04,79.71
736,青铜时代,2,0.04,79.75
737,时间线,2,0.04,79.79
738,年表,2,0.04,79.83
739,岸,2,0.04,79.87
740,参考数据,2,0.04,79.91
741,生物多样性热点,2,0.04,79.95
742,碎片化（计算）,2,0.04,79.99
743,专题制图仪,2,0.04,80.03
744,雪,2,0.04,80.07
745,农学,2,0.04,80.11
746,可持续农业,2,0.04,80.15
747,搬迁,2,0.04,80.19
748,供应商,2,0.04,80.23
749,教练,2,0.04,80.27
750,退化（电信）,2,0.04,80.31
751,峡湾,2,0.04,80.35
752,社会会计矩阵,2,0.04,80.39
753,社会成本,2,0.04,80.43
754,气候风险,2,0.04,80.47
755,钓鱼,2,0.04,80.51
756,经济影响分析,2,0.04,80.55
757,可计算一般均衡,2,0.04,80.59
758,账本,2,0.04,80.63
759,国民账户,2,0.04,80.67
760,收入,2,0.04,80.71
761,培训（气象学）,2,0.04,80.75
762,民用航空,2,0.04,80.79
763,航空,2,0.04,80.83
764,压力源,2,0.04,80.87
765,磁性地层学,2,0.04,80.91
766,青铜,2,0.04,80.95
767,同步,2,0.04,80.99
768,认证,2,0.04,81.03
769,宏基因组学,2,0.04,81.07
770,社区复原力,2,0.04,81.11
771,热应激,2,0.04,81.15
772,适应能力,2,0.04,81.19
773,环境治理,2,0.04,81.23
774,野生动物,2,0.04,81.27
775,人口统计,2,0.04,81.31
776,新兴技术,2,0.04,81.35
777,作物产量,2,0.04,81.39
778,黄土,2,0.04,81.43
779,增强植被指数,2,0.04,81.47
780,自然遗产,2,0.04,81.51
781,创意可视化,2,0.04,81.55
782,分析,2,0.04,81.59
783,感知,2,0.04,81.63
784,纤芯（光纤）,2,0.04,81.67
785,信息流,2,0.04,81.71
786,扩散,2,0.04,81.75
787,目录,2,0.04,81.79
788,好客,2,0.04,81.83
789,就业能力,2,0.04,81.87
790,海面温度,2,0.04,81.91
791,阻力（生态）,2,0.04,81.95
792,城市研究,2,0.04,81.99
793,地球科学,2,0.04,82.03
794,高等教育,2,0.04,82.07
795,描述性研究,2,0.04,82.11
796,专业认证（计算机技术）,2,0.04,82.15
797,终身学习,2,0.04,82.19
798,职业发展,2,0.04,82.23
799,酒店业,2,0.04,82.27
800,利塔尼,2,0.04,82.31
801,播种,2,0.04,82.35
802,农业工程,2,0.04,82.39
803,图论,2,0.04,82.43
804,图,2,0.04,82.47
805,灵活性（工程）,2,0.04,82.51
806,干旱的,2,0.04,82.55
807,强迫（数学）,2,0.04,82.59
808,沉积（地质）,2,0.04,82.63
809,最大熵原理,2,0.04,82.67
810,熵（时间箭头）,2,0.04,82.71
811,酒店管理学,2,0.04,82.75
812,课程,2,0.04,82.79
813,学士,2,0.04,82.83
814,数据流图,2,0.04,82.87
815,程序代码,2,0.04,82.91
816,变化检测,2,0.04,82.95
817,沉积物,2,0.04,82.99
818,骨料（复合材料）,2,0.04,83.03
819,章节（排版）,2,0.04,83.07
820,纲要,2,0.04,83.11
821,受益人,2,0.04,83.15
822,集合预报,2,0.04,83.19
823,像素,2,0.04,83.23
824,基线（海）,2,0.04,83.27
825,太阳能资源,2,0.04,83.31
826,萃取（化学）,2,0.04,83.35
827,尿路上皮癌,2,0.04,83.39
828,社会排斥,2,0.04,83.43
829,参与式规划,2,0.04,83.47
830,城市管理,2,0.04,83.51
831,城市更新,2,0.04,83.55
832,地理加权回归,2,0.04,83.59
833,欧盟,2,0.04,83.63
834,宏,2,0.04,83.67
835,公共服务,2,0.04,83.71
836,公共交通,2,0.04,83.75
837,反演（地质）,2,0.04,83.79
838,蓝图,2,0.04,83.83
839,位于,2,0.04,83.87
840,高效利用能源,2,0.04,83.91
841,公共部门,2,0.04,83.95
842,损害赔偿,2,0.04,83.99
843,牙结石,2,0.04,84.03
844,复杂系统,2,0.04,84.07
845,公理系统,2,0.04,84.11
846,植被分类,2,0.04,84.15
847,不透水表面,2,0.04,84.19
848,虚拟学习环境,1,0.02,84.21
849,可穿戴计算机,1,0.02,84.23
850,墨水瓶,1,0.02,84.25
851,3D打印,1,0.02,84.27
852,编织,1,0.02,84.29
853,制造,1,0.02,84.31
854,渗流（认知心理学）,1,0.02,84.33
855,关键基础设施,1,0.02,84.35
856,火山喷发,1,0.02,84.37
857,火山泥流,1,0.02,84.39
858,火山渣锥,1,0.02,84.41
859,斯通博利型,1,0.02,84.43
860,火山渣,1,0.02,84.45
861,火山灾害,1,0.02,84.47
862,熔岩,1,0.02,84.49
863,灰色（单位）,1,0.02,84.51
864,勘探,1,0.02,84.53
865,全国纵向调查,1,0.02,84.55
866,调查数据收集,1,0.02,84.57
867,计量经济学模型,1,0.02,84.59
868,职业隔离,1,0.02,84.61
869,工具变量,1,0.02,84.63
870,离散选择,1,0.02,84.65
871,非正规部门,1,0.02,84.67
872,转移性尿路上皮癌,1,0.02,84.69
873,信息技术,1,0.02,84.71
874,价值主张,1,0.02,84.73
875,收入模式,1,0.02,84.75
876,知识共享,1,0.02,84.77
877,炉子,1,0.02,84.79
878,楼宇管理,1,0.02,84.81
879,范围（计算机科学）,1,0.02,84.83
880,库存（枪支）,1,0.02,84.85
881,拆除,1,0.02,84.87
882,信息社会,1,0.02,84.89
883,信息与通信技术,1,0.02,84.91
884,信息传播,1,0.02,84.93
885,社会科学教育,1,0.02,84.95
886,公众科学意识,1,0.02,84.97
887,科学、技术、社会与环境教育,1,0.02,84.99
888,产品生命周期,1,0.02,85.01
889,用户故事,1,0.02,85.03
890,数字化转型,1,0.02,85.05
891,信息模型,1,0.02,85.07
892,标准化,1,0.02,85.09
893,时间戳,1,0.02,85.11
894,泌尿科,1,0.02,85.13
895,转移,1,0.02,85.15
896,膀胱癌,1,0.02,85.17
897,临床试验,1,0.02,85.19
898,靶向治疗,1,0.02,85.21
899,阶段（地层学）,1,0.02,85.23
900,成纤维细胞生长因子受体,1,0.02,85.25
901,肺,1,0.02,85.27
902,淋巴,1,0.02,85.29
903,淋巴结,1,0.02,85.31
904,清晰度,1,0.02,85.33
905,无,1,0.02,85.35
906,出版,1,0.02,85.37
907,宝藏,1,0.02,85.39
908,万物理论（哲学）,1,0.02,85.41
909,激情,1,0.02,85.43
910,医学文献分析和检索系统,1,0.02,85.45
911,暴露前预防,1,0.02,85.47
912,跨性别女性,1,0.02,85.49
913,人类免疫缺陷病毒（HIV）,1,0.02,85.51
914,家庭医学,1,0.02,85.53
915,生态系统生态学,1,0.02,85.55
916,种内竞争,1,0.02,85.57
917,数字图书馆,1,0.02,85.59
918,互操作,1,0.02,85.61
919,产品（数学）,1,0.02,85.63
920,心理学文摘,1,0.02,85.65
921,社交媒体,1,0.02,85.67
922,可供性,1,0.02,85.69
923,测深学,1,0.02,85.71
924,优势（遗传学）,1,0.02,85.73
925,浅滩,1,0.02,85.75
926,联合熵,1,0.02,85.77
927,分类变量,1,0.02,85.79
928,引进种,1,0.02,85.81
929,宏生态学,1,0.02,85.83
930,变化（天文学）,1,0.02,85.85
931,入侵物种,1,0.02,85.87
932,森林生态学,1,0.02,85.89
933,本地化适应,1,0.02,85.91
934,商业模式,1,0.02,85.93
935,工业共生,1,0.02,85.95
936,知识经济,1,0.02,85.97
937,理性,1,0.02,85.99
938,认知架构,1,0.02,86.01
939,有限理性,1,0.02,86.03
940,健康心理学,1,0.02,86.05
941,跨性别,1,0.02,86.07
942,与男性发生性关系的男性,1,0.02,86.09
943,系统评价,1,0.02,86.11
944,网络隐私权,1,0.02,86.13
945,数字鸿沟,1,0.02,86.15
946,叙述性综述,1,0.02,86.17
947,在线参与,1,0.02,86.19
948,应用心理学,1,0.02,86.21
949,日常生活,1,0.02,86.23
950,数字健康,1,0.02,86.25
951,数字媒体,1,0.02,86.27
952,光区,1,0.02,86.29
953,潮间带,1,0.02,86.31
954,南半球,1,0.02,86.33
955,下降流,1,0.02,86.35
956,风应力,1,0.02,86.37
957,海底管道,1,0.02,86.39
958,远洋带,1,0.02,86.41
959,海洋学,1,0.02,86.43
960,涌升流,1,0.02,86.45
961,发展理论,1,0.02,86.47
962,社会科学,1,0.02,86.49
963,后现代主义,1,0.02,86.51
964,四分之一（加拿大硬币）,1,0.02,86.53
965,概念化,1,0.02,86.55
966,社交网络分析,1,0.02,86.57
967,技术革命,1,0.02,86.59
968,河口,1,0.02,86.61
969,群落结构,1,0.02,86.63
970,淀粉,1,0.02,86.65
971,计算机化自适应测验,1,0.02,86.67
972,序列分析,1,0.02,86.69
973,遗传变异性,1,0.02,86.71
974,基因,1,0.02,86.73
975,核糖体DNA,1,0.02,86.75
976,核糖体RNA,1,0.02,86.77
977,人畜共患病,1,0.02,86.79
978,动物学,1,0.02,86.81
979,进化生物学,1,0.02,86.83
980,兆,1,0.02,86.85
981,海洋生态系统,1,0.02,86.87
982,通流,1,0.02,86.89
983,埃克曼输送,1,0.02,86.91
984,形态学（生物学）,1,0.02,86.93
985,多元统计,1,0.02,86.95
986,金合欢,1,0.02,86.97
987,细胞色素C氧化酶亚基I,1,0.02,86.99
988,基因高变区,1,0.02,87.01
989,线粒体DNA,1,0.02,87.03
990,系统发生学,1,0.02,87.05
991,支序,1,0.02,87.07
992,遗传变异,1,0.02,87.09
993,聚合酶链反应,1,0.02,87.11
994,单倍型,1,0.02,87.13
995,粪类强线虫,1,0.02,87.15
996,遗传多样性,1,0.02,87.17
997,系统发育树,1,0.02,87.19
998,工程管理,1,0.02,87.21
999,敏捷软件开发,1,0.02,87.23
1000,成像光谱仪,1,0.02,87.25
1001,光谱仪,1,0.02,87.27
1002,地理位置,1,0.02,87.29
1003,校准,1,0.02,87.31
1004,服务提供商,1,0.02,87.33
1005,生殖健康,1,0.02,87.35
1006,护理,1,0.02,87.37
1007,解释现象学分析,1,0.02,87.39
1008,意外怀孕,1,0.02,87.41
1009,城市韧性,1,0.02,87.43
1010,城市生态系统,1,0.02,87.45
1011,巨型城市,1,0.02,87.47
1012,主题（计算）,1,0.02,87.49
1013,地质调查,1,0.02,87.51
1014,历史地质学,1,0.02,87.53
1015,生物地球科学,1,0.02,87.55
1016,满足,1,0.02,87.57
1017,分解,1,0.02,87.59
1018,科学史,1,0.02,87.61
1019,档案学,1,0.02,87.63
1020,自然历史,1,0.02,87.65
1021,业余,1,0.02,87.67
1022,信息可视化,1,0.02,87.69
1023,文化分析,1,0.02,87.71
1024,视觉分析,1,0.02,87.73
1025,教育研究,1,0.02,87.75
1026,学习分析,1,0.02,87.77
1027,视野,1,0.02,87.79
1028,短波,1,0.02,87.81
1029,查找表,1,0.02,87.83
1030,成像光谱学,1,0.02,87.85
1031,轨道力学,1,0.02,87.87
1032,命名实体识别,1,0.02,87.89
1033,信息提取,1,0.02,87.91
1034,新业务开发,1,0.02,87.93
1035,创业精神,1,0.02,87.95
1036,家族企业,1,0.02,87.97
1037,感觉,1,0.02,87.99
1038,生态系统工程师,1,0.02,88.01
1039,生物地球化学,1,0.02,88.03
1040,微生物种群生物学,1,0.02,88.05
1041,生态演替,1,0.02,88.07
1042,生物地球化学循环,1,0.02,88.09
1043,大叶藻,1,0.02,88.11
1044,根际,1,0.02,88.13
1045,海草,1,0.02,88.15
1046,原材料,1,0.02,88.17
1047,幸福,1,0.02,88.19
1048,规范的,1,0.02,88.21
1049,再分配（选举）,1,0.02,88.23
1050,功能性磁共振成像,1,0.02,88.25
1051,意识相关神经区,1,0.02,88.27
1052,脑功能图,1,0.02,88.29
1053,电动机系统,1,0.02,88.31
1054,相互信息,1,0.02,88.33
1055,运动协调,1,0.02,88.35
1056,神经影像,1,0.02,88.37
1057,运动前区皮层,1,0.02,88.39
1058,神经网,1,0.02,88.41
1059,辅助电机区,1,0.02,88.43
1060,电机控制,1,0.02,88.45
1061,相关性,1,0.02,88.47
1062,知识抽取,1,0.02,88.49
1063,关系提取,1,0.02,88.51
1064,复杂网络,1,0.02,88.53
1065,铁路网,1,0.02,88.55
1066,网络分析,1,0.02,88.57
1067,热点（地质）,1,0.02,88.59
1068,概率逻辑,1,0.02,88.61
1069,火车,1,0.02,88.63
1070,异常值,1,0.02,88.65
1071,彪马,1,0.02,88.67
1072,默认模式网络,1,0.02,88.69
1073,脑电图,1,0.02,88.71
1074,运动表象,1,0.02,88.73
1075,微型国家,1,0.02,88.75
1076,网格单元,1,0.02,88.77
1077,Natura 2000,1,0.02,88.79
1078,生境破碎化,1,0.02,88.81
1079,重用,1,0.02,88.83
1080,社会融合,1,0.02,88.85
1081,社会现象,1,0.02,88.87
1082,社会关系,1,0.02,88.89
1083,光合有效辐射,1,0.02,88.91
1084,中分辨率成像光谱仪,1,0.02,88.93
1085,生物圈,1,0.02,88.95
1086,光谱辐射计,1,0.02,88.97
1087,Nexus（标准）,1,0.02,88.99
1088,书目耦合,1,0.02,89.01
1089,线性判别分析,1,0.02,89.03
1090,中尺度气象学,1,0.02,89.05
1091,时间序列,1,0.02,89.07
1092,文化遗产管理,1,0.02,89.09
1093,场所营造,1,0.02,89.11
1094,前景化,1,0.02,89.13
1095,工业遗产,1,0.02,89.15
1096,史学,1,0.02,89.17
1097,血浆蛋白结合,1,0.02,89.19
1098,药物靶点,1,0.02,89.21
1099,基因异构体,1,0.02,89.23
1100,药物发现,1,0.02,89.25
1101,相声,1,0.02,89.27
1102,蛋白质-蛋白质相互作用,1,0.02,89.29
1103,化学生物学,1,0.02,89.31
1104,代谢组学,1,0.02,89.33
1105,半胱氨酸代谢,1,0.02,89.35
1106,先天免疫系统,1,0.02,89.37
1107,调节器,1,0.02,89.39
1108,生物化学,1,0.02,89.41
1109,蛋白质组学,1,0.02,89.43
1110,蛋白质组,1,0.02,89.45
1111,半胱氨酸,1,0.02,89.47
1112,本土教育,1,0.02,89.49
1113,交叉性,1,0.02,89.51
1114,匿名,1,0.02,89.53
1115,治理术,1,0.02,89.55
1116,读写能力,1,0.02,89.57
1117,照片启发,1,0.02,89.59
1118,结构与能动性,1,0.02,89.61
1119,社会工作,1,0.02,89.63
1120,夹杂物（矿物）,1,0.02,89.65
1121,社会建构主义,1,0.02,89.67
1122,表演性话语,1,0.02,89.69
1123,认知重构,1,0.02,89.71
1124,人类学,1,0.02,89.73
1125,非洲研究,1,0.02,89.75
1126,擦除,1,0.02,89.77
1127,非殖民化,1,0.02,89.79
1128,抽象,1,0.02,89.81
1129,偏好,1,0.02,89.83
1130,介绍（产科）,1,0.02,89.85
1131,受访者,1,0.02,89.87
1132,接见者模式,1,0.02,89.89
1133,Margin（机器学习）,1,0.02,89.91
1134,瓶颈,1,0.02,89.93
1135,长链非编码RNA,1,0.02,89.95
1136,协方差矩阵,1,0.02,89.97
1137,禁忌搜索,1,0.02,89.99
1138,干扰（通信）,1,0.02,90.01
1139,3G MIMO,1,0.02,90.03
1140,多用户MIMO,1,0.02,90.05
1141,无线,1,0.02,90.07
1142,预编码,1,0.02,90.09
1143,自反性,1,0.02,90.11
1144,划分（数论）,1,0.02,90.13
1145,子空间拓扑,1,0.02,90.15
1146,波束成形,1,0.02,90.17
1147,通道状态信息,1,0.02,90.19
1148,电信连接,1,0.02,90.21
1149,多输入多输出,1,0.02,90.23
1150,索引性,1,0.02,90.25
1151,话语分析,1,0.02,90.27
1152,指示语,1,0.02,90.29
1153,媒体研究,1,0.02,90.31
1154,时空体,1,0.02,90.33
1155,身份（音乐）,1,0.02,90.35
1156,地理位置标记,1,0.02,90.37
1157,位置,1,0.02,90.39
1158,公众参与GIS,1,0.02,90.41
1159,目的地,1,0.02,90.43
1160,海景,1,0.02,90.45
1161,空间参照系统,1,0.02,90.47
1162,地理坐标转换,1,0.02,90.49
1163,坐标系,1,0.02,90.51
1164,大地测量基准,1,0.02,90.53
1165,沙眼,1,0.02,90.55
1166,竞赛,1,0.02,90.57
1167,沙眼衣原体,1,0.02,90.59
1168,失明,1,0.02,90.61
1169,忽视的热带病,1,0.02,90.63
1170,倒睫,1,0.02,90.65
1171,阈限性,1,0.02,90.67
1172,后殖民主义理论,1,0.02,90.69
1173,东南亚,1,0.02,90.71
1174,凝视,1,0.02,90.73
1175,描绘,1,0.02,90.75
1176,宽带,1,0.02,90.77
1177,天文学,1,0.02,90.79
1178,多普勒效应,1,0.02,90.81
1179,窄带,1,0.02,90.83
1180,行星,1,0.02,90.85
1181,寻找外星智慧,1,0.02,90.87
1182,过度捕捞,1,0.02,90.89
1183,分化,1,0.02,90.91
1184,非生物成分,1,0.02,90.93
1185,环境变化,1,0.02,90.95
1186,渔业,1,0.02,90.97
1187,群体基因组学,1,0.02,90.99
1188,生物扩散,1,0.02,91.01
1189,珊瑚礁,1,0.02,91.03
1190,礁,1,0.02,91.05
1191,遗传结构,1,0.02,91.07
1192,退化（生物学）,1,0.02,91.09
1193,天空,1,0.02,91.11
1194,组蛋白密码,1,0.02,91.13
1195,表观遗传学,1,0.02,91.15
1196,RNA诱导的转录沉默,1,0.02,91.17
1197,裂殖酵母,1,0.02,91.19
1198,着丝粒,1,0.02,91.21
1199,组蛋白H3,1,0.02,91.23
1200,染色质重塑,1,0.02,91.25
1201,非组蛋白,1,0.02,91.27
1202,组蛋白,1,0.02,91.29
1203,EZH2,1,0.02,91.31
1204,效应器,1,0.02,91.33
1205,核小体,1,0.02,91.35
1206,染色质,1,0.02,91.37
1207,克罗莫结构域,1,0.02,91.39
1208,常染色质,1,0.02,91.41
1209,异染色质,1,0.02,91.43
1210,异染色质蛋白1,1,0.02,91.45
1211,发展心理学,1,0.02,91.47
1212,家庭暴力,1,0.02,91.49
1213,年轻人,1,0.02,91.51
1214,多级模型,1,0.02,91.53
1215,职业安全与健康,1,0.02,91.55
1216,伤害预防,1,0.02,91.57
1217,人因工程与工效学,1,0.02,91.59
1218,自杀预防,1,0.02,91.61
1219,语言学,1,0.02,91.63
1220,地球物理学,1,0.02,91.65
1221,射电天文学,1,0.02,91.67
1222,谱线,1,0.02,91.69
1223,天体物理学,1,0.02,91.71
1224,前沿,1,0.02,91.73
1225,供水,1,0.02,91.75
1226,集水区,1,0.02,91.77
1227,多准则决策分析,1,0.02,91.79
1228,成对比较,1,0.02,91.81
1229,中心城市,1,0.02,91.83
1230,兼容性（地球化学）,1,0.02,91.85
1231,心理健康,1,0.02,91.87
1232,城市环境,1,0.02,91.89
1233,偏最小二乘回归,1,0.02,91.91
1234,结构方程建模,1,0.02,91.93
1235,民族志,1,0.02,91.95
1236,实地调研,1,0.02,91.97
1237,分子生物学,1,0.02,91.99
1238,奖学金,1,0.02,92.01
1239,后殖民主义（国际关系）,1,0.02,92.03
1240,移动设备,1,0.02,92.05
1241,用户界面,1,0.02,92.07
1242,空间情境意识,1,0.02,92.09
1243,家庭自动化,1,0.02,92.11
1244,智能设备,1,0.02,92.13
1245,数学科学,1,0.02,92.15
1246,薄片,1,0.02,92.17
1247,挖掘,1,0.02,92.19
1248,核密度估计,1,0.02,92.21
1249,印度河,1,0.02,92.23
1250,智能对象,1,0.02,92.25
1251,语义推理器,1,0.02,92.27
1252,透镜（地质学）,1,0.02,92.29
1253,镜后测光,1,0.02,92.31
1254,名义本金,1,0.02,92.33
1255,资产（计算机安全）,1,0.02,92.35
1256,预测建模,1,0.02,92.37
1257,变量（数学）,1,0.02,92.39
1258,喀斯特,1,0.02,92.41
1259,洞穴,1,0.02,92.43
1260,天坑,1,0.02,92.45
1261,雨水收集,1,0.02,92.47
1262,水资源综合管理,1,0.02,92.49
1263,节水,1,0.02,92.51
1264,普适计算,1,0.02,92.53
1265,可视对象,1,0.02,92.55
1266,推理机,1,0.02,92.57
1267,变压器,1,0.02,92.59
1268,自然语言理解,1,0.02,92.61
1269,接口（事项）,1,0.02,92.63
1270,智能环境,1,0.02,92.65
1271,安全性令牌,1,0.02,92.67
1272,网页,1,0.02,92.69
1273,网络服务协议,1,0.02,92.71
1274,简单对象访问协议,1,0.02,92.73
1275,建模,1,0.02,92.75
1276,网页标准,1,0.02,92.77
1277,数据网络,1,0.02,92.79
1278,Web映射,1,0.02,92.81
1279,Web服务,1,0.02,92.83
1280,基因组,1,0.02,92.85
1281,基因组学,1,0.02,92.87
1282,子类型,1,0.02,92.89
1283,自给农业,1,0.02,92.91
1284,史前,1,0.02,92.93
1285,变量,1,0.02,92.95
1286,航天飞机雷达地形测绘任务,1,0.02,92.97
1287,白云石,1,0.02,92.99
1288,领域（数学分析）,1,0.02,93.01
1289,栅格数据,1,0.02,93.03
1290,社会学习,1,0.02,93.05
1291,放射性废物,1,0.02,93.07
1292,碎片,1,0.02,93.09
1293,废物管理,1,0.02,93.11
1294,土壤覆盖,1,0.02,93.13
1295,通用土壤流失方程,1,0.02,93.15
1296,侵蚀控制,1,0.02,93.17
1297,水蚀,1,0.02,93.19
1298,地中海盆地,1,0.02,93.21
1299,水土保持,1,0.02,93.23
1300,预处理器,1,0.02,93.25
1301,生态评估,1,0.02,93.27
1302,环境质量,1,0.02,93.29
1303,文化景观,1,0.02,93.31
1304,世界遗产,1,0.02,93.33
1305,塔,1,0.02,93.35
1306,传播,1,0.02,93.37
1307,参与式地理信息系统,1,0.02,93.39
1308,景观美化,1,0.02,93.41
1309,层级,1,0.02,93.43
1310,下水道,1,0.02,93.45
1311,城市固体废物,1,0.02,93.47
1312,沿海洪水,1,0.02,93.49
1313,社会冲突,1,0.02,93.51
1314,区域化,1,0.02,93.53
1315,杂乱,1,0.02,93.55
1316,图像分割,1,0.02,93.57
1317,卷积（计算机科学）,1,0.02,93.59
1318,矢量地图,1,0.02,93.61
1319,数据预处理,1,0.02,93.63
1320,套件,1,0.02,93.65
1321,电信,1,0.02,93.67
1322,美国国家安全局,1,0.02,93.69
1323,国家安全,1,0.02,93.71
1324,国家电网,1,0.02,93.73
1325,国家实验室,1,0.02,93.75
1326,国土安全,1,0.02,93.77
1327,橡树岭国家实验室,1,0.02,93.79
1328,多学科方法,1,0.02,93.81
1329,任务分析,1,0.02,93.83
1330,自动推理,1,0.02,93.85
1331,参与性农村评估,1,0.02,93.87
1332,采砂,1,0.02,93.89
1333,露天开采,1,0.02,93.91
1334,农村居民点,1,0.02,93.93
1335,金矿开采,1,0.02,93.95
1336,重现期,1,0.02,93.97
1337,楼宇自动化,1,0.02,93.99
1338,楼宇管理系统,1,0.02,94.01
1339,能源规划,1,0.02,94.03
1340,建筑能耗模拟,1,0.02,94.05
1341,能量建模,1,0.02,94.07
1342,正射影像,1,0.02,94.09
1343,内含能,1,0.02,94.11
1344,仪器仪表（计算机编程）,1,0.02,94.13
1345,工具链,1,0.02,94.15
1346,山洪,1,0.02,94.17
1347,容器（类型理论）,1,0.02,94.19
1348,可追溯性,1,0.02,94.21
1349,决策系统,1,0.02,94.23
1350,灾害应对,1,0.02,94.25
1351,数据交换,1,0.02,94.27
1352,特征学习,1,0.02,94.29
1353,特征选择,1,0.02,94.31
1354,利用,1,0.02,94.33
1355,水分利用效率,1,0.02,94.35
1356,焊剂（冶金）,1,0.02,94.37
1357,用水,1,0.02,94.39
1358,蒸汽压不足,1,0.02,94.41
1359,树冠气孔通导率,1,0.02,94.43
1360,蒸腾,1,0.02,94.45
1361,涡度相关法,1,0.02,94.47
1362,高度（三角形）,1,0.02,94.49
1363,粗木质残体,1,0.02,94.51
1364,防洪,1,0.02,94.53
1365,基本流量,1,0.02,94.55
1366,洪水预报,1,0.02,94.57
1367,百年一遇洪水,1,0.02,94.59
1368,地形湿度指数,1,0.02,94.61
1369,资源效率,1,0.02,94.63
1370,应急响应,1,0.02,94.65
1371,信息共享,1,0.02,94.67
1372,面向服务的体系结构,1,0.02,94.69
1373,共享资源,1,0.02,94.71
1374,数据访问,1,0.02,94.73
1375,元数据建模,1,0.02,94.75
1376,ArcGIS服务器,1,0.02,94.77
1377,元数据仓储,1,0.02,94.79
1378,数据元素,1,0.02,94.81
1379,空间数据基础设施,1,0.02,94.83
1380,地理空间元数据,1,0.02,94.85
1381,视觉对象识别的认知神经科学,1,0.02,94.87
1382,上下文图像分类,1,0.02,94.89
1383,对偶（语法数字）,1,0.02,94.91
1384,桉树,1,0.02,94.93
1385,噪音（视频）,1,0.02,94.95
1386,立体视法,1,0.02,94.97
1387,不平等,1,0.02,94.99
1388,族群,1,0.02,95.01
1389,平方（代数）,1,0.02,95.03
1390,粒子（生态学）,1,0.02,95.05
1391,地热能,1,0.02,95.07
1392,地热供暖,1,0.02,95.09
1393,群体行为,1,0.02,95.11
1394,热流,1,0.02,95.13
1395,粒子群优化,1,0.02,95.15
1396,地温梯度,1,0.02,95.17
1397,河网密度,1,0.02,95.19
1398,土壤图,1,0.02,95.21
1399,轮廓,1,0.02,95.23
1400,GSM演进的增强数据速率,1,0.02,95.25
1401,智慧城市,1,0.02,95.27
1402,地理可视化,1,0.02,95.29
1403,种族（生物学）,1,0.02,95.31
1404,班级规模,1,0.02,95.33
1405,可燃性,1,0.02,95.35
1406,现场实验,1,0.02,95.37
1407,火生态学,1,0.02,95.39
1408,木本植物,1,0.02,95.41
1409,稀疏化,1,0.02,95.43
1410,植物垃圾,1,0.02,95.45
1411,生长季节,1,0.02,95.47
1412,规定烧伤,1,0.02,95.49
1413,垃圾,1,0.02,95.51
1414,小气候,1,0.02,95.53
1415,易燃液体,1,0.02,95.55
1416,马尔可夫链,1,0.02,95.57
1417,马尔可夫随机场,1,0.02,95.59
1418,膨胀（公制空间）,1,0.02,95.61
1419,残差,1,0.02,95.63
1420,金字塔（几何）,1,0.02,95.65
1421,水资源短缺,1,0.02,95.67
1422,基流,1,0.02,95.69
1423,解码方法,1,0.02,95.71
1424,联动（软件）,1,0.02,95.73
1425,边界（拓扑）,1,0.02,95.75
1426,理想（伦理）,1,0.02,95.77
1427,边缘计算,1,0.02,95.79
1428,海图,1,0.02,95.81
1429,边缘设备,1,0.02,95.83
1430,测试平台,1,0.02,95.85
1431,即时性,1,0.02,95.87
1432,公共经济学,1,0.02,95.89
1433,合同农业,1,0.02,95.91
1434,广义加性模型,1,0.02,95.93
1435,最小化,1,0.02,95.95
1436,风险评估,1,0.02,95.97
1437,洪水风险评估,1,0.02,95.99
1438,堤坝,1,0.02,96.01
1439,胶印（计算机科学）,1,0.02,96.03
1440,气溶胶,1,0.02,96.05
1441,Lasso（编程语言）,1,0.02,96.07
1442,可加模型,1,0.02,96.09
1443,黄土高原,1,0.02,96.11
1444,共线性,1,0.02,96.13
1445,驱动因素,1,0.02,96.15
1446,公共政策,1,0.02,96.17
1447,公用,1,0.02,96.19
1448,农业生态学,1,0.02,96.21
1449,热电子转换器,1,0.02,96.23
1450,震级（天文学）,1,0.02,96.25
1451,均方根,1,0.02,96.27
1452,表面压力,1,0.02,96.29
1453,水蒸气,1,0.02,96.31
1454,反射率,1,0.02,96.33
1455,数据集,1,0.02,96.35
1456,极限（数学）,1,0.02,96.37
1457,可降水,1,0.02,96.39
1458,回归分析,1,0.02,96.41
1459,统计模型,1,0.02,96.43
1460,监督学习,1,0.02,96.45
1461,农业政策,1,0.02,96.47
1462,土地保有权,1,0.02,96.49
1463,租赁持有地产权,1,0.02,96.51
1464,应用数学,1,0.02,96.53
1465,测量（数据仓库）,1,0.02,96.55
1466,主要河流,1,0.02,96.57
1467,漫滩,1,0.02,96.59
1468,指标,1,0.02,96.61
1469,网络拓扑,1,0.02,96.63
1470,径流,1,0.02,96.65
1471,图像质量,1,0.02,96.67
1472,地下水资源,1,0.02,96.69
1473,滑坡缓解,1,0.02,96.71
1474,贫困,1,0.02,96.73
1475,多样性（政治）,1,0.02,96.75
1476,农业社会,1,0.02,96.77
1477,文化多样性,1,0.02,96.79
1478,畜牧,1,0.02,96.81
1479,牲畜,1,0.02,96.83
1480,气候敏感性,1,0.02,96.85
1481,准备,1,0.02,96.87
1482,地球的能源预算,1,0.02,96.89
1483,热红外,1,0.02,96.91
1484,DNS根区域,1,0.02,96.93
1485,地表灌溉,1,0.02,96.95
1486,干燥,1,0.02,96.97
1487,灌区,1,0.02,96.99
1488,湿气,1,0.02,97.01
1489,森林砍伐（计算机科学）,1,0.02,97.03
1490,生成型对抗网络,1,0.02,97.05
1491,图像融合,1,0.02,97.07
1492,融合,1,0.02,97.09
1493,数字地球,1,0.02,97.11
1494,利益相关方参与,1,0.02,97.13
1495,商品,1,0.02,97.15
1496,灾害研究,1,0.02,97.17
1497,人文地理学,1,0.02,97.19
1498,土壤科学,1,0.02,97.21
1499,合法性原则,1,0.02,97.23
1500,环境灾难,1,0.02,97.25
1501,法律原则,1,0.02,97.27
1502,反对党（政治）,1,0.02,97.29
1503,环境主义,1,0.02,97.31
1504,环境法,1,0.02,97.33
1505,见证,1,0.02,97.35
1506,气候承诺,1,0.02,97.37
1507,灵敏度（控制系统）,1,0.02,97.39
1508,气候系统,1,0.02,97.41
1509,全球温度,1,0.02,97.43
1510,海平面,1,0.02,97.45
1511,辐射强迫,1,0.02,97.47
1512,农业综合企业,1,0.02,97.49
1513,参与式行动研究,1,0.02,97.51
1514,乐观,1,0.02,97.53
1515,信息治理,1,0.02,97.55
1516,铅（地质）,1,0.02,97.57
1517,冰冻圈,1,0.02,97.59
1518,格陵兰冰盖,1,0.02,97.61
1519,排水系统（地貌）,1,0.02,97.63
1520,冰流,1,0.02,97.65
1521,冰盖,1,0.02,97.67
1522,融水,1,0.02,97.69
1523,瞬态气候模拟,1,0.02,97.71
1524,能量平衡,1,0.02,97.73
1525,功能生态学,1,0.02,97.75
1526,代理（统计）,1,0.02,97.77
1527,风险管理,1,0.02,97.79
1528,企业系统规划法,1,0.02,97.81
1529,城市密度,1,0.02,97.83
1530,优势与劣势,1,0.02,97.85
1531,农业机械,1,0.02,97.87
1532,地形地貌,1,0.02,97.89
1533,的功能连接,1,0.02,97.91
1534,景观连通性,1,0.02,97.93
1535,扰动（地质）,1,0.02,97.95
1536,光流,1,0.02,97.97
1537,流速,1,0.02,97.99
1538,共和国,1,0.02,98.01
1539,粮食不安全,1,0.02,98.03
1540,农业传播,1,0.02,98.05
1541,国际发展,1,0.02,98.07
1542,适应气候变化,1,0.02,98.09
1543,深思熟虑,1,0.02,98.11
1544,生物技术,1,0.02,98.13
1545,疾病管理,1,0.02,98.15
1546,种植制度,1,0.02,98.17
1547,计算智能,1,0.02,98.19
1548,曲面（拓扑）,1,0.02,98.21
1549,冰川终点,1,0.02,98.23
1550,振幅,1,0.02,98.25
1551,协作学习,1,0.02,98.27
1552,间作,1,0.02,98.29
1553,Web应用程序,1,0.02,98.31
1554,植物病害,1,0.02,98.33
1555,概念设计,1,0.02,98.35
1556,概念模型,1,0.02,98.37
1557,在地安养,1,0.02,98.39
1558,生活质量（医疗保健）,1,0.02,98.41
1559,城市区域,1,0.02,98.43
1560,植物区系学,1,0.02,98.45
1561,操作化,1,0.02,98.47
1562,拓扑空间,1,0.02,98.49
1563,开发（拓扑）,1,0.02,98.51
1564,相互依存,1,0.02,98.53
1565,草原,1,0.02,98.55
1566,季节性,1,0.02,98.57
1567,散射,1,0.02,98.59
1568,雷达,1,0.02,98.61
1569,北京,1,0.02,98.63
1570,异常检测,1,0.02,98.65
1571,轮作,1,0.02,98.67
1572,作物损失,1,0.02,98.69
1573,条件索引,1,0.02,98.71
1574,作物生产,1,0.02,98.73
1575,作物模拟模型,1,0.02,98.75
1576,国际关系,1,0.02,98.77
1577,国际公法,1,0.02,98.79
1578,法律与经济学,1,0.02,98.81
1579,教义,1,0.02,98.83
1580,平民人口,1,0.02,98.85
1581,问责,1,0.02,98.87
1582,国际法,1,0.02,98.89
1583,国际人道主义法,1,0.02,98.91
1584,比例（法律）,1,0.02,98.93
1585,集群随机对照试验,1,0.02,98.95
1586,研究设计,1,0.02,98.97
1587,定性属性,1,0.02,98.99
1588,扎根理论,1,0.02,99.01
1589,对话,1,0.02,99.03
1590,随机对照试验,1,0.02,99.05
1591,城市林业,1,0.02,99.07
1592,协调,1,0.02,99.09
1593,mainland china,1,0.02,99.11
1594,大陆,1,0.02,99.13
1595,行人,1,0.02,99.15
1596,第二产业,1,0.02,99.17
1597,干涉测量,1,0.02,99.19
1598,双基地雷达,1,0.02,99.21
1599,干涉合成孔径雷达,1,0.02,99.23
1600,RGB颜色模型,1,0.02,99.25
1601,面板数据,1,0.02,99.27
1602,容积率,1,0.02,99.29
1603,人均,1,0.02,99.31
1604,可耕地,1,0.02,99.33
1605,州长,1,0.02,99.35
1606,警卫（计算机科学）,1,0.02,99.37
1607,联合国大会,1,0.02,99.39
1608,导体,1,0.02,99.41
1609,纳米技术,1,0.02,99.43
1610,导电油墨,1,0.02,99.45
1611,可穿戴技术,1,0.02,99.47
1612,纺织,1,0.02,99.49
1613,污染物,1,0.02,99.51
1614,空气质量指数,1,0.02,99.53
1615,环境工程,1,0.02,99.55
1616,空气污染,1,0.02,99.57
1617,历史地段,1,0.02,99.59
1618,动物生态学,1,0.02,99.61
1619,野生动物走廊,1,0.02,99.63
1620,审计,1,0.02,99.65
1621,工艺,1,0.02,99.67
1622,以公交为导向的发展,1,0.02,99.69
1623,过境（卫星）,1,0.02,99.71
1624,线性化,1,0.02,99.73
1625,随机规划,1,0.02,99.75
1626,风能,1,0.02,99.77
1627,三维建模,1,0.02,99.79
1628,详细程度,1,0.02,99.81
1629,三维重建,1,0.02,99.83
1630,歧义,1,0.02,99.85
1631,移动地图,1,0.02,99.87
1632,足迹,1,0.02,99.89
1633,点云,1,0.02,99.91
1634,校长（计算机安全）,1,0.02,99.93
1635,多维尺度分析,1,0.02,99.95
1636,定量分析（化学）,1,0.02,99.97
1637,建筑平面图,1,0.02,99.99
1638,转换过程,1,0.02,100.01
1639,纱线,1,0.02,100.03
1640,卓越,1,0.02,100.05
1641,环境设计与规划,1,0.02,100.07
1642,发电机（电路理论）,1,0.02,100.09
1643,判别器,1,0.02,100.11
1644,权利（公平分配）,1,0.02,100.13
1645,现状,1,0.02,100.15
1646,重组,1,0.02,100.17
1647,越南语,1,0.02,100.19
1648,行政法,1,0.02,100.21
1649,马尔可夫决策过程,1,0.02,100.23
1650,随机优化,1,0.02,100.25
1651,概率密度函数,1,0.02,100.27
1652,非线性规划,1,0.02,100.29
1653,控制论（社会学）,1,0.02,100.31
1654,备份,1,0.02,100.33
1655,随机过程,1,0.02,100.35
1656,人力资本,1,0.02,100.37
1657,逻辑值,1,0.02,100.39
1658,人口经济学,1,0.02,100.41
1659,职业教育,1,0.02,100.43
1660,教育程度,1,0.02,100.45
1661,工资,1,0.02,100.47
1662,劳动经济学,1,0.02,100.49
1663,多项逻辑回归,1,0.02,100.51
1664,微观数据（统计）,1,0.02,100.53
1665,广义帕累托分布,1,0.02,100.55
1666,投资（军事）,1,0.02,100.57
1667,多目标优化,1,0.02,100.59
1668,排序,1,0.02,100.61
1669,帕累托原理,1,0.02,100.63
1670,植树造林,1,0.02,100.65
1671,强化学习,1,0.02,100.67
1672,网络街道,1,0.02,100.69
1673,在线学习,1,0.02,100.71
1674,多媒体,1,0.02,100.73
1675,主动学习（机器学习）,1,0.02,100.75
1676,教育技术,1,0.02,100.77
1677,数字化学习,1,0.02,100.79
1678,体验式学习,1,0.02,100.81
1679,控制重构,1,0.02,100.83
1680,空间网络,1,0.02,100.85
1681,断线,1,0.02,100.87
1682,火山作用,1,0.02,100.89
1683,火山锥,1,0.02,100.91
1684,灾害地图,1,0.02,100.93
1685,火山碎屑岩,1,0.02,100.95
1686,熔岩场,1,0.02,100.97
1687,地震学,1,0.02,100.99
1688,信息科学,1,0.02,101.01
1689,中介,1,0.02,101.03
1690,科学知识社会学,1,0.02,101.05
1691,混合式学习,1,0.02,101.07
1692,学生参与度,1,0.02,101.09
1693,城市可持续性,1,0.02,101.11
1694,模糊推理,1,0.02,101.13
1695,模糊推理系统,1,0.02,101.15
1696,元启发式,1,0.02,101.17
1697,模糊逻辑,1,0.02,101.19
1698,个人流动性,1,0.02,101.21
1699,可持续交通,1,0.02,101.23
1700,运输网络,1,0.02,101.25
1701,移动模型,1,0.02,101.27
1702,多式联运,1,0.02,101.29
1703,巨型组件,1,0.02,101.31
